--POBLADO TABLA SUB ESPECIALIDAD MEDICA.
INSERT INTO SUB_ESP_MEDICA (ID_SUBESP,NOMBRE) VALUES (100,'CARDIOLOGÍA');
INSERT INTO SUB_ESP_MEDICA (ID_SUBESP,NOMBRE) VALUES (110,'CARDIOLOGÍA PEDIÁTRICA');
INSERT INTO SUB_ESP_MEDICA (ID_SUBESP,NOMBRE) VALUES (120,'ENDOCRINOLOGÍA');
INSERT INTO SUB_ESP_MEDICA (ID_SUBESP,NOMBRE) VALUES (130,'GASTROENTEROLOGÍA');
INSERT INTO SUB_ESP_MEDICA (ID_SUBESP,NOMBRE) VALUES (140,'NEUROLOGÍA PEDIÁTRICA');
INSERT INTO SUB_ESP_MEDICA (ID_SUBESP,NOMBRE) VALUES (150,'NUEROLOGÍA');
INSERT INTO SUB_ESP_MEDICA (ID_SUBESP,NOMBRE) VALUES (160,'REUMATOLOGÍA');
INSERT INTO SUB_ESP_MEDICA (ID_SUBESP,NOMBRE) VALUES (170,'CIRUGÍA CARDIOVASCULAR');
INSERT INTO SUB_ESP_MEDICA (ID_SUBESP,NOMBRE) VALUES (180,'OFTALMOLOGÍA PEDÍATRICA');
INSERT INTO SUB_ESP_MEDICA (ID_SUBESP,NOMBRE) VALUES (190,'HEMATOLOGÍA');


--POBLADO TABLA INSTITUCION ACADEMICA
INSERT INTO INSTITUCION_ACADEMICA(ID_INST, NOMBRE, RANKING, PAIS, CIUDAD,ID_SUBESP_MED) 
VALUES ('100','HARVARD UNIVERSITY',1,'ESTADOS UNIDOS','CAMBRIDGE',160);
INSERT INTO INSTITUCION_ACADEMICA(ID_INST, NOMBRE, RANKING, PAIS, CIUDAD,ID_SUBESP_MED) 
VALUES ('110','EMORY UNIVERSITY',17,'GEORGIA','ATLANTA',190);
INSERT INTO INSTITUCION_ACADEMICA(ID_INST, NOMBRE, RANKING, PAIS, CIUDAD,ID_SUBESP_MED) 
VALUES ('120','UNIVERSITY OF OXFORD',23,'REINO UNIDO','OXFORD',150);
INSERT INTO INSTITUCION_ACADEMICA(ID_INST, NOMBRE, RANKING, PAIS, CIUDAD,ID_SUBESP_MED) 
VALUES ('130','UNIVERSITY OF AMSTERDAM',32,'PAISES BAJOS','AMSTERDAM',110);
INSERT INTO INSTITUCION_ACADEMICA(ID_INST, NOMBRE, RANKING, PAIS, CIUDAD,ID_SUBESP_MED) 
VALUES ('140','UNIVERSITY OF CALGARY',66,'CANADA','CALGARY',100);
INSERT INTO INSTITUCION_ACADEMICA(ID_INST, NOMBRE, RANKING, PAIS, CIUDAD,ID_SUBESP_MED) 
VALUES ('150','UNIVERSIDAD DE BARCELONA',50,'ESPAÑA','BARCELONA',120);


--POBLADO TABLA ESTADO_CIVIL
INSERT INTO ESTADO_CIVIL (ID_CIVIL, NOMBRE) VALUES (10,'CASADO');
INSERT INTO ESTADO_CIVIL (ID_CIVIL, NOMBRE) VALUES (20,'CONVIVIENTE CIVIL');
INSERT INTO ESTADO_CIVIL (ID_CIVIL, NOMBRE) VALUES (30,'SOLTERO');
INSERT INTO ESTADO_CIVIL (ID_CIVIL, NOMBRE) VALUES (40,'DIVORCIADO');
INSERT INTO ESTADO_CIVIL (ID_CIVIL, NOMBRE) VALUES (50,'VIUDO');

--POBLADO TABLA POSTULANTE
INSERT INTO POSTULANTE (RUN, DV, P_NOMBRE, S_NOMBRE, APELLIDO_PA, APELLIDO_MA, FECHA_NAC, NACIONALIDAD, SEXO, PASAPORTE_VISA, PUEBLO_ORI, 
DISCAPACIDAD,  ID_CIVIL) VALUES ('20322233','K','MIRANDA','JULIETA','GONZALES','RUBRÓ','22/10/1994','CHILENA',
'FEMENINO',NULL,NULL,NULL,10);
INSERT INTO POSTULANTE (RUN, DV, P_NOMBRE, S_NOMBRE, APELLIDO_PA, APELLIDO_MA, FECHA_NAC, NACIONALIDAD, SEXO, PASAPORTE_VISA, PUEBLO_ORI, 
DISCAPACIDAD,  ID_CIVIL) VALUES ('21934232','2','MARCELO','BYRON','ROSALES','LOPEZ','23/04/1994','CHILENA',
'MASCULINO',NULL,NULL,'DISLEXIA',20);
INSERT INTO POSTULANTE (RUN, DV, P_NOMBRE, S_NOMBRE, APELLIDO_PA, APELLIDO_MA, FECHA_NAC, NACIONALIDAD, SEXO, PASAPORTE_VISA, PUEBLO_ORI, 
DISCAPACIDAD,  ID_CIVIL) VALUES ('18323332','2','JUAN','EDUARDO','LILLO','PERALTA','02/07/1992','COLOMBIANA',
'MASCULINO','SI',NULL,NULL,10);
INSERT INTO POSTULANTE (RUN, DV, P_NOMBRE, S_NOMBRE, APELLIDO_PA, APELLIDO_MA, FECHA_NAC, NACIONALIDAD, SEXO, PASAPORTE_VISA, PUEBLO_ORI,
DISCAPACIDAD,  ID_CIVIL) VALUES ('24251819','3','MARIA','JOSE','ALECOYAN','RUBILAR','12/11/1990','CHILENA',
'FEMENINO',NULL,'MAPUCHE',NULL,40);
INSERT INTO POSTULANTE (RUN, DV, P_NOMBRE, S_NOMBRE, APELLIDO_PA, APELLIDO_MA, FECHA_NAC, NACIONALIDAD, SEXO, PASAPORTE_VISA, PUEBLO_ORI,
DISCAPACIDAD,  ID_CIVIL) VALUES ('17839983','7','ANÍS','CHAROLOTTE','NAVARRO','ARANCIVIA','22/10/1987','CHILENA',
'FEMENINO',NULL,NULL,NULL,10);
INSERT INTO POSTULANTE (RUN, DV, P_NOMBRE, S_NOMBRE, APELLIDO_PA, APELLIDO_MA, FECHA_NAC, NACIONALIDAD, SEXO, PASAPORTE_VISA, PUEBLO_ORI,
DISCAPACIDAD,  ID_CIVIL) VALUES ('19839983','2','ANAÍS','MIRANDA','TORRES','MILLAR','23/07/1987','CHILENA',
'FEMENINO',NULL,NULL,NULL,20);

--POBLADO TABLA POSTULACION
INSERT INTO POSTULACION (ID_POST, POST_RUN) VALUES (1,20322233) ;
INSERT INTO POSTULACION (ID_POST, POST_RUN) VALUES (2,18323332) ;
INSERT INTO POSTULACION (ID_POST, POST_RUN) VALUES (3,17839983) ;
INSERT INTO POSTULACION (ID_POST, POST_RUN) VALUES (4,21934232) ;
INSERT INTO POSTULACION (ID_POST, POST_RUN) VALUES (5,24251819) ;
INSERT INTO POSTULACION (ID_POST, POST_RUN) VALUES (6,19839983) ;

--POBLADO TABLA ATENCEDENTES POSTULACION
INSERT INTO ANTECEDENTES_POSTULACION (ID_ANT_POST, DURA_PERI_ESTU, DOC_INVEST, RETRIBUCION, ID_INST_ACA, ID_POSTUL) 
VALUES (100,2,'ALTO','MUY BUENO',100,1);
INSERT INTO ANTECEDENTES_POSTULACION (ID_ANT_POST, DURA_PERI_ESTU, DOC_INVEST, RETRIBUCION, ID_INST_ACA, ID_POSTUL) 
VALUES (110,1,'MEDIO','EXCELENTE',110,2);
INSERT INTO ANTECEDENTES_POSTULACION (ID_ANT_POST, DURA_PERI_ESTU, DOC_INVEST, RETRIBUCION, ID_INST_ACA, ID_POSTUL) 
VALUES (120,2,'MEDIO','EXCELENTE',120,3);
INSERT INTO ANTECEDENTES_POSTULACION (ID_ANT_POST, DURA_PERI_ESTU, DOC_INVEST, RETRIBUCION, ID_INST_ACA, ID_POSTUL) 
VALUES (130,4,'ALTO','REGULAR',130,4);
INSERT INTO ANTECEDENTES_POSTULACION (ID_ANT_POST, DURA_PERI_ESTU, DOC_INVEST, RETRIBUCION, ID_INST_ACA, ID_POSTUL) 
VALUES (140,3,'BAJO','MUY BUENO',140,5);
INSERT INTO ANTECEDENTES_POSTULACION (ID_ANT_POST, DURA_PERI_ESTU, DOC_INVEST, RETRIBUCION, ID_INST_ACA, ID_POSTUL) 
VALUES (150,2,'ALTO','BUENO',150,6);

--POBLADO OBJETIVOS
INSERT INTO OBJETIVOS (ID, OBSERVACION, ID_ANT_POST) VALUES (10,'MUY BUENO',100);
INSERT INTO OBJETIVOS (ID, OBSERVACION, ID_ANT_POST) VALUES (20,'REGULAR',110);
INSERT INTO OBJETIVOS (ID, OBSERVACION, ID_ANT_POST) VALUES (30,'MUY BUENO',120);
INSERT INTO OBJETIVOS (ID, OBSERVACION, ID_ANT_POST) VALUES (40,'EXCELENTE',130);
INSERT INTO OBJETIVOS (ID, OBSERVACION, ID_ANT_POST) VALUES (50,'BUENO',140);
INSERT INTO OBJETIVOS (ID, OBSERVACION, ID_ANT_POST) VALUES (110,'MUY BUENO',150);

--POBLADO INTERESES
INSERT INTO INTERESES (ID, OBSERVACION, ID_ANT_POST) VALUES (60,'MUY BUENO',100);
INSERT INTO INTERESES (ID, OBSERVACION, ID_ANT_POST) VALUES (70,'REGULAR',110);
INSERT INTO INTERESES (ID, OBSERVACION, ID_ANT_POST) VALUES (80,'MUY BUENO',120);
INSERT INTO INTERESES (ID, OBSERVACION, ID_ANT_POST) VALUES (90,'MUY BUENO',130);
INSERT INTO INTERESES (ID, OBSERVACION, ID_ANT_POST) VALUES (100,'EXCELENTE',140);
INSERT INTO INTERESES (ID, OBSERVACION, ID_ANT_POST) VALUES (120,'MUY BUENO',150);

--POBLADO TITULOS
INSERT INTO TITULOS (ID_TIT, INSTITUCION, NOMBRE_CARRERA, FECHA_OBTEN, POSTULANTE_RUN) VALUES 
(10,'UNIVERSIDAD DE CHILE','MEDICINA','22/10/14',20322233);
INSERT INTO TITULOS (ID_TIT, INSTITUCION, NOMBRE_CARRERA, FECHA_OBTEN, POSTULANTE_RUN) VALUES 
(20,'UNIVERSIDAD DE CONCEPCION','MEDICINA','02/11/14',20322233);
INSERT INTO TITULOS (ID_TIT, INSTITUCION, NOMBRE_CARRERA, FECHA_OBTEN, POSTULANTE_RUN) VALUES 
(30,'UNIVERSIDAD DE ANTOFAGASTA','MEDICINA','03/06/14',20322233);
INSERT INTO TITULOS (ID_TIT, INSTITUCION, NOMBRE_CARRERA, FECHA_OBTEN, POSTULANTE_RUN) VALUES 
(40,'UNIVERSIDAD DE CHILE','MEDICINA','20/10/14',20322233);
INSERT INTO TITULOS (ID_TIT, INSTITUCION, NOMBRE_CARRERA, FECHA_OBTEN, POSTULANTE_RUN) VALUES 
(50,'UNIVERSIDAD DEL BIOBIO','MEDICINA','21/09/14',20322233);
INSERT INTO TITULOS (ID_TIT, INSTITUCION, NOMBRE_CARRERA, FECHA_OBTEN, POSTULANTE_RUN) VALUES 
(60,'UNIVERSIDAD DE CHILE','MEDICINA','23/07/14',19839983);

--POBLADO TABLA HIJO
INSERT INTO HIJO (RUT_HIJO, DV, P_NOMBRE, S_NOMBRE, APELLIDO_PA, APELLIDO_MA, FECH_NAC, POSTULANTE_RUN) 
VALUES (28789832,'2','JUAN','PEDRO','LAUREL','GONZALES','28/09/19',20322233);
INSERT INTO HIJO (RUT_HIJO, DV, P_NOMBRE, S_NOMBRE, APELLIDO_PA, APELLIDO_MA, FECH_NAC, POSTULANTE_RUN) 
VALUES (25908887,'2','CLAUDIO','FERNANDO','LAUREL','GONZALES','18/12/20',20322233);
INSERT INTO HIJO (RUT_HIJO, DV, P_NOMBRE, S_NOMBRE, APELLIDO_PA, APELLIDO_MA, FECH_NAC, POSTULANTE_RUN) 
VALUES (23098765,'2','DENISSE','ANTONIA','LILLO','SEPULVEDA','18/09/17',18323332);
INSERT INTO HIJO (RUT_HIJO, DV, P_NOMBRE, S_NOMBRE, APELLIDO_PA, APELLIDO_MA, FECH_NAC, POSTULANTE_RUN) 
VALUES (252551334,'2','FERNANDA','SOLANGE','ROSALES','CIFUENTES','18/09/17',18323332);

--POBLADO TABLA ESTUDIOS
INSERT INTO ESTUDIOS (ID_EST, PAIS_ESTU_SEC, DEP_ESTAB_EDU, TIPO_ESTAB_EDU, TIPO_INGRESO_UNI, NOTA, POSTULANTE_RUN) VALUES
(10,'CHILE','SI','PUBLICA','ADMISION ESPECIAL',6.6,20322233);
INSERT INTO ESTUDIOS (ID_EST, PAIS_ESTU_SEC, DEP_ESTAB_EDU, TIPO_ESTAB_EDU, TIPO_INGRESO_UNI, NOTA, POSTULANTE_RUN) VALUES
(20,'CHILE','SI','PUBLICA','ADMISION ESPECIAL',7,21934232);
INSERT INTO ESTUDIOS (ID_EST, PAIS_ESTU_SEC, DEP_ESTAB_EDU, TIPO_ESTAB_EDU, TIPO_INGRESO_UNI, NOTA, POSTULANTE_RUN) VALUES
(30,'CHILE','NO','PRIVADA','PSU',5.5,18323332);
INSERT INTO ESTUDIOS (ID_EST, PAIS_ESTU_SEC, DEP_ESTAB_EDU, TIPO_ESTAB_EDU, TIPO_INGRESO_UNI, NOTA, POSTULANTE_RUN) VALUES
(40,'CHILE','NO','PUBLICA','PSU',6.6,24251819);
INSERT INTO ESTUDIOS (ID_EST, PAIS_ESTU_SEC, DEP_ESTAB_EDU, TIPO_ESTAB_EDU, TIPO_INGRESO_UNI, NOTA, POSTULANTE_RUN) VALUES
(50,'CHILE','SI','PRIVADA','PSU',4,17839983);
INSERT INTO ESTUDIOS (ID_EST, PAIS_ESTU_SEC, DEP_ESTAB_EDU, TIPO_ESTAB_EDU, TIPO_INGRESO_UNI, NOTA, POSTULANTE_RUN) VALUES
(60,'CHILE','SI','PRIVADA','PSU',6.5,19839983);

--POBLADO TABLA EXPERIENCIA LABORAL
INSERT INTO EXPERIENCIA_LABORAL (ID_EXP, TIPO_EXPERIENCIA, INSTITUCION_EMPRESA, FECHA_INI, FECHA_TER, POSTULANTE_RUN) 
VALUES (10,'TRABAJO ASISTENTE MEDICO','HOSPITAL COEMU','22/10/17','22/10/19',24251819);
INSERT INTO EXPERIENCIA_LABORAL (ID_EXP, TIPO_EXPERIENCIA, INSTITUCION_EMPRESA, FECHA_INI, FECHA_TER, POSTULANTE_RUN) 
VALUES (20,'TRABAJO MEDIO CABECERA','HOSPITAL CRUZ BLANCA','23/07/16','09/08/20',17839983);
INSERT INTO EXPERIENCIA_LABORAL (ID_EXP, TIPO_EXPERIENCIA, INSTITUCION_EMPRESA, FECHA_INI, FECHA_TER, POSTULANTE_RUN) 
VALUES (30,'PRACTICA ASISTENTE MEDICO','HOSPITAL ARTURO PRATT','19/05/18','05/10/21',21934232);
INSERT INTO EXPERIENCIA_LABORAL (ID_EXP, TIPO_EXPERIENCIA, INSTITUCION_EMPRESA, FECHA_INI, FECHA_TER, POSTULANTE_RUN) 
VALUES (40,'TRABAJO MEDIO CABECERA','HOSPITAL CRUZ BLANCA','19/02/18','25/11/20',18323332);
INSERT INTO EXPERIENCIA_LABORAL (ID_EXP, TIPO_EXPERIENCIA, INSTITUCION_EMPRESA, FECHA_INI, FECHA_TER, POSTULANTE_RUN) 
VALUES (50,'PRACTICA ASISTENTE MEDICO','HOSPITAL PALOMA LIBRE','01/02/18','15/12/19',20322233);
INSERT INTO EXPERIENCIA_LABORAL (ID_EXP, TIPO_EXPERIENCIA, INSTITUCION_EMPRESA, FECHA_INI, FECHA_TER, POSTULANTE_RUN) 
VALUES (60,'PRACTICA ASISTENTE MEDICO','HOSPITAL ESPIRITU LIBRE','03/06/18','12/02/19',19839983);

--POBLADO TABLA FINANCIAMIENTO
INSERT INTO FINANCIAMIENTO (ID_FIN, NOMBRE_FIN) VALUES (10,'CONICTY');
INSERT INTO FINANCIAMIENTO (ID_FIN, NOMBRE_FIN) VALUES (20,'INSTITUCION NACIONAL');
INSERT INTO FINANCIAMIENTO (ID_FIN, NOMBRE_FIN) VALUES (30,'INSTITUCION INTERNACIONAL');

--POBLADO PARTICIPACION DE PROYECTOS
INSERT INTO PARTICIPACION_PROYECTO (ID_PRO, TITULO, POST_RUN, ID_FINAN) VALUES (10,'MEDICO CIRUGANO',20322233,30);
INSERT INTO PARTICIPACION_PROYECTO (ID_PRO, TITULO, POST_RUN, ID_FINAN) VALUES (20,'MEDICO CARDIOLOGO',18323332,10);
INSERT INTO PARTICIPACION_PROYECTO (ID_PRO, TITULO, POST_RUN, ID_FINAN) VALUES (30,'MEDICO CIRUGANO',17839983,10);

--POBLADO TABLA DIRECCION
INSERT INTO DIRECCION (ID_DIR, DIRECCION, TIPO_DIREC, ENVIO_CORREOS, OPCIONES, RUN_POST) 
VALUES (10,'POBLACION INDEPENDENCIA, PASAJE 3 ARCOIRIS, DPTO N° 22','APARTAMENTO','SI','CELULAR: 956231122',20322233);
INSERT INTO DIRECCION (ID_DIR, DIRECCION, TIPO_DIREC, ENVIO_CORREOS, OPCIONES, RUN_POST) 
VALUES (20,'AVENIDA 3 COLARES, SANTA ISABEL #343','CASA','SI','CELULAR: 945027584',18323332);
INSERT INTO DIRECCION (ID_DIR, DIRECCION, TIPO_DIREC, ENVIO_CORREOS, OPCIONES, RUN_POST) 
VALUES (30,'POBLACION CIELO AZUL, PASAJE NUBE 3, DPTO N°23','APARTAMENTO','NO','CELULAR: 948274590',17839983);
INSERT INTO DIRECCION (ID_DIR, DIRECCION, TIPO_DIREC, ENVIO_CORREOS, OPCIONES, RUN_POST) 
VALUES (40,'AVENIDA SOL RADIANTE, PASAJE COLIBRÍ, #454','CASA','SI','CELULAR: 900873518',21934232);
INSERT INTO DIRECCION (ID_DIR, DIRECCION, TIPO_DIREC, ENVIO_CORREOS, OPCIONES, RUN_POST) 
VALUES (50,'POBLACION CRUZ VERDE, PASAJE ESBBAL, #444','CASA','SI','CELULAR: 922317856',24251819);
INSERT INTO DIRECCION (ID_DIR, DIRECCION, TIPO_DIREC, ENVIO_CORREOS, OPCIONES, RUN_POST) 
VALUES (60,'POBLACION SAN MIGUEL, PASAJE 3 NORTE, #904','CASA','SI','CELULAR: 954698531',19839983);

--POBLADO TABLA CIUDAD
INSERT INTO CIUDAD (ID_CIUD, NOMBRE_CIUD, ID_DIR, ID_REG) VALUES (32,'COYHAIQUE',10,10);
INSERT INTO CIUDAD (ID_CIUD, NOMBRE_CIUD, ID_DIR, ID_REG) VALUES (15,'CHILLÁN',20,30);
INSERT INTO CIUDAD (ID_CIUD, NOMBRE_CIUD, ID_DIR, ID_REG) VALUES (24,'SANTIAGO',30,70);
INSERT INTO CIUDAD (ID_CIUD, NOMBRE_CIUD, ID_DIR, ID_REG) VALUES (35,'AYSEN',40,40);
INSERT INTO CIUDAD (ID_CIUD, NOMBRE_CIUD, ID_DIR, ID_REG) VALUES (36,'PARINACOTA',50,60);
INSERT INTO CIUDAD (ID_CIUD, NOMBRE_CIUD, ID_DIR, ID_REG) VALUES (37,'ARICA',60,60);

--POBLADO TABLA REGION
INSERT INTO REGION (ID_REG, NOMBRE_REG) VALUES (10,'TARAPACÁ');
INSERT INTO REGION (ID_REG, NOMBRE_REG) VALUES (30,'BIOBIO');
INSERT INTO REGION (ID_REG, NOMBRE_REG) VALUES (40,'AYSEN');
INSERT INTO REGION (ID_REG, NOMBRE_REG) VALUES (60,'ARICA Y PARINACOTA');
INSERT INTO REGION (ID_REG, NOMBRE_REG) VALUES (70,'METROPOLITANA');

--CREANDO SECUENCIA PARA RELLENAR ID
CREATE SEQUENCE SEQUENCE_ID INCREMENT BY 10 START WITH 100 MAXVALUE 99999999 MINVALUE 100;

--POBLADO TABLA PUNTAJE ESTADO CIVIL
INSERT INTO PUNTAJE_CIVIL (ID, ESTADO_CIVIL, PUNTAJE) VALUES (SEQUENCE_ID.NEXTVAL,'CASADO',5);
INSERT INTO PUNTAJE_CIVIL (ID, ESTADO_CIVIL, PUNTAJE) VALUES (SEQUENCE_ID.NEXTVAL,'CONVIVIENTE CIVIL',4);
INSERT INTO PUNTAJE_CIVIL (ID, ESTADO_CIVIL, PUNTAJE) VALUES (SEQUENCE_ID.NEXTVAL,'SOLTERO',3);
INSERT INTO PUNTAJE_CIVIL (ID, ESTADO_CIVIL, PUNTAJE) VALUES (SEQUENCE_ID.NEXTVAL,'DIVORCIADO',2);
INSERT INTO PUNTAJE_CIVIL (ID, ESTADO_CIVIL, PUNTAJE) VALUES (SEQUENCE_ID.NEXTVAL,'VIUDO',1);

--POBLADO TABLA PUNTAJE EDAD
INSERT INTO PUNTAJE_EDAD (ID, ED_MIN, ED_MAX, PUNTAJE) VALUES (SEQUENCE_ID.NEXTVAL,1,29,5);
INSERT INTO PUNTAJE_EDAD (ID, ED_MIN, ED_MAX, PUNTAJE) VALUES (SEQUENCE_ID.NEXTVAL,30,39,3);
INSERT INTO PUNTAJE_EDAD (ID, ED_MIN, ED_MAX, PUNTAJE) VALUES (SEQUENCE_ID.NEXTVAL,40,100,1);

--POBLADO TABLA PUNTAJE EXPERIENCIA LABORAL
INSERT INTO PUNTAJE_EXP_LAB (ID, ANNOS, PUNTAJE) VALUES (SEQUENCE_ID.NEXTVAL,6,5);
INSERT INTO PUNTAJE_EXP_LAB (ID, ANNOS, PUNTAJE) VALUES (SEQUENCE_ID.NEXTVAL,5,4);
INSERT INTO PUNTAJE_EXP_LAB (ID, ANNOS, PUNTAJE) VALUES (SEQUENCE_ID.NEXTVAL,4,3);
INSERT INTO PUNTAJE_EXP_LAB (ID, ANNOS, PUNTAJE) VALUES (SEQUENCE_ID.NEXTVAL,3,2);
INSERT INTO PUNTAJE_EXP_LAB (ID, ANNOS, PUNTAJE) VALUES (SEQUENCE_ID.NEXTVAL,2,1);

--POBLADO TABLA PUNTAJE_INTERESES
INSERT INTO PUNTAJE_INTERESES (ID, GRADO, PUNTAJE) VALUES (SEQUENCE_ID.NEXTVAL,'EXCELENTE',5);
INSERT INTO PUNTAJE_INTERESES (ID, GRADO, PUNTAJE) VALUES (SEQUENCE_ID.NEXTVAL,'MUY BUENO',4);
INSERT INTO PUNTAJE_INTERESES (ID, GRADO, PUNTAJE) VALUES (SEQUENCE_ID.NEXTVAL,'BUENO',3);
INSERT INTO PUNTAJE_INTERESES (ID, GRADO, PUNTAJE) VALUES (SEQUENCE_ID.NEXTVAL,'REGULAR',1);

--POBLADO TABLA PUNTAJE_NOTAS
INSERT INTO PUNTAJE_NOTAS (ID, NOTA_MIN, NOTA_MAX, PUNTAJE) VALUES (SEQUENCE_ID.NEXTVAL,6.6,7,5);
INSERT INTO PUNTAJE_NOTAS (ID, NOTA_MIN, NOTA_MAX, PUNTAJE) VALUES (SEQUENCE_ID.NEXTVAL,6,6.5,4);
INSERT INTO PUNTAJE_NOTAS (ID, NOTA_MIN, NOTA_MAX, PUNTAJE) VALUES (SEQUENCE_ID.NEXTVAL,5.5,5.9,3);
INSERT INTO PUNTAJE_NOTAS (ID, NOTA_MIN, NOTA_MAX, PUNTAJE) VALUES (SEQUENCE_ID.NEXTVAL,5.2,5.4,2);
INSERT INTO PUNTAJE_NOTAS (ID, NOTA_MIN, NOTA_MAX, PUNTAJE) VALUES (SEQUENCE_ID.NEXTVAL,5.0,5.1,1);

--POBLADO TABLA PUNTAJE_OBJ_EST
INSERT INTO PUNTAJE_OBJ_EST (ID,GRADO,PUNTAJE) VALUES (SEQUENCE_ID.NEXTVAL,'EXCELENTE',5);
INSERT INTO PUNTAJE_OBJ_EST (ID,GRADO,PUNTAJE) VALUES (SEQUENCE_ID.NEXTVAL,'MUY BUENO',4);
INSERT INTO PUNTAJE_OBJ_EST (ID,GRADO,PUNTAJE) VALUES (SEQUENCE_ID.NEXTVAL,'BUENO',3);
INSERT INTO PUNTAJE_OBJ_EST (ID,GRADO,PUNTAJE) VALUES (SEQUENCE_ID.NEXTVAL,'REGULAR',1);

--POBLADO TABLA PUNTAJE RANKING
INSERT INTO PUNTAJE_RANK_INST (ID, RANK_MIN, RANK_MAX, PUNTAJE) VALUES (SEQUENCE_ID.NEXTVAL,1,10,5);
INSERT INTO PUNTAJE_RANK_INST (ID, RANK_MIN, RANK_MAX, PUNTAJE) VALUES (SEQUENCE_ID.NEXTVAL,11,20,4);
INSERT INTO PUNTAJE_RANK_INST (ID, RANK_MIN, RANK_MAX, PUNTAJE) VALUES (SEQUENCE_ID.NEXTVAL,21,30,3);
INSERT INTO PUNTAJE_RANK_INST (ID, RANK_MIN, RANK_MAX, PUNTAJE) VALUES (SEQUENCE_ID.NEXTVAL,31,50,2);
INSERT INTO PUNTAJE_RANK_INST (ID, RANK_MIN, RANK_MAX, PUNTAJE) VALUES (SEQUENCE_ID.NEXTVAL,51,100,1);

--POBLADO TABLA PUNTAJE_RETRI_POST
INSERT INTO PUNTAJE_RETRI_POST (ID, GRADO, PUNTAJE) VALUES (SEQUENCE_ID.NEXTVAL,'EXCELENTE',5);
INSERT INTO PUNTAJE_RETRI_POST (ID, GRADO, PUNTAJE) VALUES (SEQUENCE_ID.NEXTVAL,'MUY BUENO',4);
INSERT INTO PUNTAJE_RETRI_POST (ID, GRADO, PUNTAJE) VALUES (SEQUENCE_ID.NEXTVAL,'BUENO',3);
INSERT INTO PUNTAJE_RETRI_POST (ID, GRADO, PUNTAJE) VALUES (SEQUENCE_ID.NEXTVAL,'REGULAR',1);

--POBLADO TABLA PUNTAJE ZONA EXTREMA
INSERT INTO PUNTAJE_ZONA_EXT (ID, ZONA, PUNTAJE) VALUES (SEQUENCE_ID.NEXTVAL,'ARICA Y PARINACOTA',5);
INSERT INTO PUNTAJE_ZONA_EXT (ID, ZONA, PUNTAJE) VALUES (SEQUENCE_ID.NEXTVAL,'MAGALLANES Y DE LA ANTARTIDA CHILENA',5);
INSERT INTO PUNTAJE_ZONA_EXT (ID, ZONA, PUNTAJE) VALUES (SEQUENCE_ID.NEXTVAL,'TARAPACÁ',4);
INSERT INTO PUNTAJE_ZONA_EXT (ID, ZONA, PUNTAJE) VALUES (SEQUENCE_ID.NEXTVAL,'AYSEN',4);

--POBLADO TABLA PUNTAJE_DOC_INV
INSERT INTO PUNTAJE_DOC_INV (ID, GRADO, PUNTAJE) VALUES (SEQUENCE_ID.NEXTVAL,'ALTO',5);
INSERT INTO PUNTAJE_DOC_INV (ID, GRADO, PUNTAJE) VALUES (SEQUENCE_ID.NEXTVAL,'MEDIO',3);
INSERT INTO PUNTAJE_DOC_INV (ID, GRADO, PUNTAJE) VALUES (SEQUENCE_ID.NEXTVAL,'BAJO',2);

COMMIT;
